{
    "layernum[6]_bsz2": 147.75039825439455,
    "layernum[12]_bsz2": 248.75521240234372,
    "layertype_0": 8.41706784566243
}