{
    "layernum[12]_bsz4": 41.484313583374025,
    "layernum[24]_bsz4": 70.19392623901368,
    "layertype_0": 0.918717066446941,
    "layernum[6]_bsz2": 20.28758392333984,
    "layernum[12]_bsz2": 31.312188720703134
}