{
    "1_1_8": {
        "layernum[1]_bsz32_rank0_ms": 2480.4921875,
        "layernum[1]_bsz32_rank0_act": 16832.470703125,
        "layernum[1]_bsz32_rank0_act_peak": 21337.25244140625,
        "layernum[1]_bsz32_rank7_ms": 2480.4921875,
        "layernum[1]_bsz32_rank7_act": 16832.470703125,
        "layernum[1]_bsz32_rank7_act_peak": 21337.25244140625,
        "layernum[2]_bsz32_rank0_ms": 2864.59375,
        "layernum[2]_bsz32_rank0_act": 29248.822265625,
        "layernum[2]_bsz32_rank0_act_peak": 33657.57861328125,
        "layernum[2]_bsz32_rank7_ms": 2864.59375,
        "layernum[2]_bsz32_rank7_act": 29248.822265625,
        "layernum[2]_bsz32_rank7_act_peak": 33657.57861328125
    },
    "1_2_4": {
        "layernum[1]_bsz32_rank0_ms": 2480.5390625,
        "layernum[1]_bsz32_rank0_act": 27712.720703125,
        "layernum[1]_bsz32_rank0_act_peak": 35080.3671875,
        "layernum[1]_bsz32_rank7_ms": 2480.5078125,
        "layernum[1]_bsz32_rank7_act": 27712.720703125,
        "layernum[1]_bsz32_rank7_act_peak": 35080.34375,
        "layernum[2]_bsz32_rank0_ms": 2864.6875,
        "layernum[2]_bsz32_rank0_act": 51008.220703125,
        "layernum[2]_bsz32_rank0_act_peak": 57416.904296875,
        "layernum[2]_bsz32_rank7_ms": 2864.625,
        "layernum[2]_bsz32_rank7_act": 51008.220703125,
        "layernum[2]_bsz32_rank7_act_peak": 57416.873046875
    },
    "1_1_8_c": {
        "layernum[1]_bsz32_rank0_ms": 2480.4921875,
        "layernum[1]_bsz32_rank0_act": 4544.220703125,
        "layernum[1]_bsz32_rank0_act_peak": 19224.296875,
        "layernum[1]_bsz32_rank7_ms": 2480.4921875,
        "layernum[1]_bsz32_rank7_act": 4544.220703125,
        "layernum[1]_bsz32_rank7_act_peak": 19224.296875,
        "layernum[2]_bsz32_rank0_ms": 2864.59375,
        "layernum[2]_bsz32_rank0_act": 4672.220703125,
        "layernum[2]_bsz32_rank0_act_peak": 19224.296875,
        "layernum[2]_bsz32_rank7_ms": 2864.59375,
        "layernum[2]_bsz32_rank7_act": 4672.220703125,
        "layernum[2]_bsz32_rank7_act_peak": 19224.296875
    },
    "2_1_4": {
        "layernum[2]_bsz32_rank0_ms": 4944.578125,
        "layernum[2]_bsz32_rank0_act": 12544.28173828125,
        "layernum[2]_bsz32_rank0_act_peak": 17424.52001953125,
        "layernum[2]_bsz32_rank7_ms": 4880.609375,
        "layernum[2]_bsz32_rank7_act": 16960.564453125,
        "layernum[2]_bsz32_rank7_act_peak": 21377.31689453125
    },
    "4_1_2": {
        "layernum[4]_bsz32_rank0_ms": 7824.78125,
        "layernum[4]_bsz32_rank0_act": 12544.28173828125,
        "layernum[4]_bsz32_rank0_act_peak": 16704.57080078125,
        "layernum[4]_bsz32_rank7_ms": 7696.84375,
        "layernum[4]_bsz32_rank7_act": 16960.564453125,
        "layernum[4]_bsz32_rank7_act_peak": 20673.25830078125
    },
    "layertype_0": {
        "parameter_size": 768.296875,
        "tp_activation_per_bsz_dict": {
            "1": 3104.087890625,
            "2": 2911.9375,
            "checkpoint": 32.0
        }
    },
    "other_memory_pp_off": {
        "model_states": 16771.0,
        "activation": 2230.2252197265625
    },
    "other_memory_pp_on_first": {
        "model_states": 12576.0,
        "activation": 0.0
    },
    "other_memory_pp_on_last": {
        "model_states": 12320.0,
        "activation": 0.0
    }
}