{
    "layernum[12]_bsz4": 41.484313583374025,
    "layernum[24]_bsz4": 70.19392623901368,
    "layertype_0": 0.8600391705830894,
    "layernum[6]_bsz2": 19.145948982238767,
    "layernum[12]_bsz2": 29.46641902923584
}